{
    "variable": [
        {
            "id": "baseUrl",
            "key": "baseUrl",
            "type": "string",
            "name": "string",
            "value": "http:\/\/localhost"
        }
    ],
    "info": {
        "name": "Electric vehicle charging station management system",
        "_postman_id": "7c58c49b-d0b5-4e55-812e-9e94de532584",
        "description": "",
        "schema": "https:\/\/schema.getpostman.com\/json\/collection\/v2.1.0\/collection.json"
    },
    "item": [
        {
            "name": "Endpoints",
            "description": "",
            "item": [
                {
                    "name": "Display Swagger API page.",
                    "request": {
                        "url": {
                            "host": "{{baseUrl}}",
                            "path": "api\/documentation",
                            "query": [],
                            "raw": "{{baseUrl}}\/api\/documentation"
                        },
                        "method": "GET",
                        "header": [
                            {
                                "key": "Content-Type",
                                "value": "application\/json"
                            },
                            {
                                "key": "Accept",
                                "value": "application\/json"
                            }
                        ],
                        "body": null,
                        "description": "",
                        "auth": {
                            "type": "noauth"
                        }
                    },
                    "response": [
                        {
                            "header": [
                                {
                                    "key": "cache-control",
                                    "value": "no-cache, private"
                                },
                                {
                                    "key": "content-type",
                                    "value": "application\/json"
                                },
                                {
                                    "key": "access-control-allow-origin",
                                    "value": "*"
                                }
                            ],
                            "code": 200,
                            "body": "<!DOCTYPE html>\n<html lang=\"en\">\n<head>\n    <meta charset=\"UTF-8\">\n    <title>Electric vehicle charging station management system<\/title>\n    <link rel=\"stylesheet\" type=\"text\/css\" href=\"http:\/\/localhost\/docs\/asset\/swagger-ui.css?v=a0952f52b09a2dc0c182298b2ea69849\">\n    <link rel=\"icon\" type=\"image\/png\" href=\"http:\/\/localhost\/docs\/asset\/favicon-32x32.png?v=40d4f2c38d1cd854ad463f16373cbcb6\" sizes=\"32x32\"\/>\n    <link rel=\"icon\" type=\"image\/png\" href=\"http:\/\/localhost\/docs\/asset\/favicon-16x16.png?v=f0ae831196d55d8f4115b6c5e8ec5384\" sizes=\"16x16\"\/>\n    <style>\n    html\n    {\n        box-sizing: border-box;\n        overflow: -moz-scrollbars-vertical;\n        overflow-y: scroll;\n    }\n    *,\n    *:before,\n    *:after\n    {\n        box-sizing: inherit;\n    }\n\n    body {\n      margin:0;\n      background: #fafafa;\n    }\n    <\/style>\n<\/head>\n\n<body>\n<div id=\"swagger-ui\"><\/div>\n\n<script src=\"http:\/\/localhost\/docs\/asset\/swagger-ui-bundle.js?v=e1b3ea0761a378d6d8d6fc13d196c801\"><\/script>\n<script src=\"http:\/\/localhost\/docs\/asset\/swagger-ui-standalone-preset.js?v=82d005dbc66f1958b3f0c5a355d677f4\"><\/script>\n<script>\n    window.onload = function() {\n        \/\/ Build a system\n        const ui = SwaggerUIBundle({\n            dom_id: '#swagger-ui',\n            url: \"http:\/\/localhost\/docs\/api-docs.json\",\n            operationsSorter: null,\n            configUrl: null,\n            validatorUrl: null,\n            oauth2RedirectUrl: \"http:\/\/localhost\/api\/oauth2-callback\",\n\n            requestInterceptor: function(request) {\n                request.headers['X-CSRF-TOKEN'] = '';\n                return request;\n            },\n\n            presets: [\n                SwaggerUIBundle.presets.apis,\n                SwaggerUIStandalonePreset\n            ],\n\n            plugins: [\n                SwaggerUIBundle.plugins.DownloadUrl\n            ],\n\n            layout: \"StandaloneLayout\",\n            docExpansion : \"none\",\n            deepLinking: true,\n            filter: true,\n            persistAuthorization: \"false\",\n\n        })\n\n        window.ui = ui\n    }\n<\/script>\n<\/body>\n<\/html>\n",
                            "name": ""
                        }
                    ]
                },
                {
                    "name": "Display Oauth2 callback pages.",
                    "request": {
                        "url": {
                            "host": "{{baseUrl}}",
                            "path": "api\/oauth2-callback",
                            "query": [],
                            "raw": "{{baseUrl}}\/api\/oauth2-callback"
                        },
                        "method": "GET",
                        "header": [
                            {
                                "key": "Content-Type",
                                "value": "application\/json"
                            },
                            {
                                "key": "Accept",
                                "value": "application\/json"
                            }
                        ],
                        "body": null,
                        "description": "",
                        "auth": {
                            "type": "noauth"
                        }
                    },
                    "response": [
                        {
                            "header": [
                                {
                                    "key": "content-type",
                                    "value": "text\/html; charset=UTF-8"
                                },
                                {
                                    "key": "cache-control",
                                    "value": "no-cache, private"
                                },
                                {
                                    "key": "access-control-allow-origin",
                                    "value": "*"
                                }
                            ],
                            "code": 200,
                            "body": "<!doctype html>\n<html lang=\"en-US\">\n<head>\n    <title>Swagger UI: OAuth2 Redirect<\/title>\n<\/head>\n<body>\n<script>\n    'use strict';\n    function run () {\n        var oauth2 = window.opener.swaggerUIRedirectOauth2;\n        var sentState = oauth2.state;\n        var redirectUrl = oauth2.redirectUrl;\n        var isValid, qp, arr;\n\n        if (\/code|token|error\/.test(window.location.hash)) {\n            qp = window.location.hash.substring(1);\n        } else {\n            qp = location.search.substring(1);\n        }\n\n        arr = qp.split(\"&\");\n        arr.forEach(function (v,i,_arr) { _arr[i] = '\"' + v.replace('=', '\":\"') + '\"';});\n        qp = qp ? JSON.parse('{' + arr.join() + '}',\n                function (key, value) {\n                    return key === \"\" ? value : decodeURIComponent(value);\n                }\n        ) : {};\n\n        isValid = qp.state === sentState;\n\n        if ((\n          oauth2.auth.schema.get(\"flow\") === \"accessCode\" ||\n          oauth2.auth.schema.get(\"flow\") === \"authorizationCode\" ||\n          oauth2.auth.schema.get(\"flow\") === \"authorization_code\"\n        ) && !oauth2.auth.code) {\n            if (!isValid) {\n                oauth2.errCb({\n                    authId: oauth2.auth.name,\n                    source: \"auth\",\n                    level: \"warning\",\n                    message: \"Authorization may be unsafe, passed state was changed in server Passed state wasn't returned from auth server\"\n                });\n            }\n\n            if (qp.code) {\n                delete oauth2.state;\n                oauth2.auth.code = qp.code;\n                oauth2.callback({auth: oauth2.auth, redirectUrl: redirectUrl});\n            } else {\n                let oauthErrorMsg;\n                if (qp.error) {\n                    oauthErrorMsg = \"[\"+qp.error+\"]: \" +\n                        (qp.error_description ? qp.error_description+ \". \" : \"no accessCode received from the server. \") +\n                        (qp.error_uri ? \"More info: \"+qp.error_uri : \"\");\n                }\n\n                oauth2.errCb({\n                    authId: oauth2.auth.name,\n                    source: \"auth\",\n                    level: \"error\",\n                    message: oauthErrorMsg || \"[Authorization failed]: no accessCode received from the server\"\n                });\n            }\n        } else {\n            oauth2.callback({auth: oauth2.auth, token: qp, isValid: isValid, redirectUrl: redirectUrl});\n        }\n        window.close();\n    }\n\n    if (document.readyState !== 'loading') {\n        run();\n    } else {\n        document.addEventListener('DOMContentLoaded', function () {\n            run();\n        });\n    }\n<\/script>\n<\/body>\n<\/html>\n",
                            "name": ""
                        }
                    ]
                },
                {
                    "name": "api\/company",
                    "request": {
                        "url": {
                            "host": "{{baseUrl}}",
                            "path": "api\/company",
                            "query": [],
                            "raw": "{{baseUrl}}\/api\/company"
                        },
                        "method": "GET",
                        "header": [
                            {
                                "key": "Content-Type",
                                "value": "application\/json"
                            },
                            {
                                "key": "Accept",
                                "value": "application\/json"
                            }
                        ],
                        "body": null,
                        "description": "",
                        "auth": {
                            "type": "noauth"
                        }
                    },
                    "response": [
                        {
                            "header": [
                                {
                                    "key": "cache-control",
                                    "value": "no-cache, private"
                                },
                                {
                                    "key": "content-type",
                                    "value": "application\/json"
                                },
                                {
                                    "key": "x-ratelimit-limit",
                                    "value": "60"
                                },
                                {
                                    "key": "x-ratelimit-remaining",
                                    "value": "59"
                                },
                                {
                                    "key": "access-control-allow-origin",
                                    "value": "*"
                                }
                            ],
                            "code": 200,
                            "body": "{\"company\":[{\"id\":1,\"parent_company_id\":0,\"name\":\"Tesla\",\"created_at\":\"2022-05-24T17:17:39.000000Z\",\"updated_at\":\"2022-05-24T17:17:39.000000Z\"},{\"id\":2,\"parent_company_id\":0,\"name\":\"Toyota\",\"created_at\":\"2022-05-24T20:39:13.000000Z\",\"updated_at\":\"2022-05-24T20:39:13.000000Z\"},{\"id\":3,\"parent_company_id\":1,\"name\":\"Tesla 1\",\"created_at\":\"2022-05-25T10:53:57.000000Z\",\"updated_at\":\"2022-05-25T10:53:57.000000Z\"},{\"id\":4,\"parent_company_id\":1,\"name\":\"Honda\",\"created_at\":\"2022-05-25T10:54:24.000000Z\",\"updated_at\":\"2022-05-25T10:54:24.000000Z\"}]}",
                            "name": ""
                        }
                    ]
                },
                {
                    "name": "api\/company\/{id}\/show",
                    "request": {
                        "url": {
                            "host": "{{baseUrl}}",
                            "path": "api\/company\/:id\/show",
                            "query": [],
                            "raw": "{{baseUrl}}\/api\/company\/:id\/show",
                            "variable": [
                                {
                                    "id": "id",
                                    "key": "id",
                                    "value": "14",
                                    "description": "The ID of the company."
                                }
                            ]
                        },
                        "method": "GET",
                        "header": [
                            {
                                "key": "Content-Type",
                                "value": "application\/json"
                            },
                            {
                                "key": "Accept",
                                "value": "application\/json"
                            }
                        ],
                        "body": null,
                        "description": "",
                        "auth": {
                            "type": "noauth"
                        }
                    },
                    "response": [
                        {
                            "header": [
                                {
                                    "key": "cache-control",
                                    "value": "no-cache, private"
                                },
                                {
                                    "key": "content-type",
                                    "value": "application\/json"
                                },
                                {
                                    "key": "x-ratelimit-limit",
                                    "value": "60"
                                },
                                {
                                    "key": "x-ratelimit-remaining",
                                    "value": "58"
                                },
                                {
                                    "key": "access-control-allow-origin",
                                    "value": "*"
                                }
                            ],
                            "code": 404,
                            "body": "{\"message\":\"No record found\"}",
                            "name": ""
                        }
                    ]
                },
                {
                    "name": "api\/company\/add",
                    "request": {
                        "url": {
                            "host": "{{baseUrl}}",
                            "path": "api\/company\/add",
                            "query": [],
                            "raw": "{{baseUrl}}\/api\/company\/add"
                        },
                        "method": "POST",
                        "header": [
                            {
                                "key": "Content-Type",
                                "value": "application\/json"
                            },
                            {
                                "key": "Accept",
                                "value": "application\/json"
                            }
                        ],
                        "body": null,
                        "description": "",
                        "auth": {
                            "type": "noauth"
                        }
                    },
                    "response": []
                },
                {
                    "name": "api\/company\/{id}\/update",
                    "request": {
                        "url": {
                            "host": "{{baseUrl}}",
                            "path": "api\/company\/:id\/update",
                            "query": [],
                            "raw": "{{baseUrl}}\/api\/company\/:id\/update",
                            "variable": [
                                {
                                    "id": "id",
                                    "key": "id",
                                    "value": "16",
                                    "description": "The ID of the company."
                                }
                            ]
                        },
                        "method": "POST",
                        "header": [
                            {
                                "key": "Content-Type",
                                "value": "application\/json"
                            },
                            {
                                "key": "Accept",
                                "value": "application\/json"
                            }
                        ],
                        "body": null,
                        "description": "",
                        "auth": {
                            "type": "noauth"
                        }
                    },
                    "response": []
                },
                {
                    "name": "api\/company\/{id}\/delete",
                    "request": {
                        "url": {
                            "host": "{{baseUrl}}",
                            "path": "api\/company\/:id\/delete",
                            "query": [],
                            "raw": "{{baseUrl}}\/api\/company\/:id\/delete",
                            "variable": [
                                {
                                    "id": "id",
                                    "key": "id",
                                    "value": "15",
                                    "description": "The ID of the company."
                                }
                            ]
                        },
                        "method": "POST",
                        "header": [
                            {
                                "key": "Content-Type",
                                "value": "application\/json"
                            },
                            {
                                "key": "Accept",
                                "value": "application\/json"
                            }
                        ],
                        "body": null,
                        "description": "",
                        "auth": {
                            "type": "noauth"
                        }
                    },
                    "response": []
                },
                {
                    "name": "api\/stations",
                    "request": {
                        "url": {
                            "host": "{{baseUrl}}",
                            "path": "api\/stations",
                            "query": [],
                            "raw": "{{baseUrl}}\/api\/stations"
                        },
                        "method": "GET",
                        "header": [
                            {
                                "key": "Content-Type",
                                "value": "application\/json"
                            },
                            {
                                "key": "Accept",
                                "value": "application\/json"
                            }
                        ],
                        "body": null,
                        "description": "",
                        "auth": {
                            "type": "noauth"
                        }
                    },
                    "response": [
                        {
                            "header": [
                                {
                                    "key": "cache-control",
                                    "value": "no-cache, private"
                                },
                                {
                                    "key": "content-type",
                                    "value": "application\/json"
                                },
                                {
                                    "key": "x-ratelimit-limit",
                                    "value": "60"
                                },
                                {
                                    "key": "x-ratelimit-remaining",
                                    "value": "57"
                                },
                                {
                                    "key": "access-control-allow-origin",
                                    "value": "*"
                                }
                            ],
                            "code": 200,
                            "body": "{\"company\":[{\"id\":1,\"name\":\"T-STATION\",\"latitude\":\"500\",\"longitude\":\"100\",\"company_id\":1,\"address\":\"Lidl\",\"created_at\":\"2022-05-25T10:59:39.000000Z\",\"updated_at\":\"2022-05-25T10:59:39.000000Z\"},{\"id\":2,\"name\":\"T-STATION\",\"latitude\":\"63.8355613381578\",\"longitude\":\"23.111831846833077\",\"company_id\":3,\"address\":\"Minimani\",\"created_at\":\"2022-05-25T10:59:39.000000Z\",\"updated_at\":\"2022-05-25T10:59:39.000000Z\"},{\"id\":3,\"name\":\"T-STATION 1\",\"latitude\":\"63.8322377\",\"longitude\":\"23.1264442\",\"company_id\":3,\"address\":\"Prisma\",\"created_at\":\"2022-05-25T10:59:39.000000Z\",\"updated_at\":\"2022-05-25T10:59:39.000000Z\"}]}",
                            "name": ""
                        }
                    ]
                },
                {
                    "name": "api\/station\/{id}\/show",
                    "request": {
                        "url": {
                            "host": "{{baseUrl}}",
                            "path": "api\/station\/:id\/show",
                            "query": [],
                            "raw": "{{baseUrl}}\/api\/station\/:id\/show",
                            "variable": [
                                {
                                    "id": "id",
                                    "key": "id",
                                    "value": "20",
                                    "description": "The ID of the station."
                                }
                            ]
                        },
                        "method": "GET",
                        "header": [
                            {
                                "key": "Content-Type",
                                "value": "application\/json"
                            },
                            {
                                "key": "Accept",
                                "value": "application\/json"
                            }
                        ],
                        "body": null,
                        "description": "",
                        "auth": {
                            "type": "noauth"
                        }
                    },
                    "response": [
                        {
                            "header": [
                                {
                                    "key": "cache-control",
                                    "value": "no-cache, private"
                                },
                                {
                                    "key": "content-type",
                                    "value": "application\/json"
                                },
                                {
                                    "key": "x-ratelimit-limit",
                                    "value": "60"
                                },
                                {
                                    "key": "x-ratelimit-remaining",
                                    "value": "56"
                                },
                                {
                                    "key": "access-control-allow-origin",
                                    "value": "*"
                                }
                            ],
                            "code": 404,
                            "body": "{\"message\":\"No record found\"}",
                            "name": ""
                        }
                    ]
                },
                {
                    "name": "api\/station\/add",
                    "request": {
                        "url": {
                            "host": "{{baseUrl}}",
                            "path": "api\/station\/add",
                            "query": [],
                            "raw": "{{baseUrl}}\/api\/station\/add"
                        },
                        "method": "POST",
                        "header": [
                            {
                                "key": "Content-Type",
                                "value": "application\/json"
                            },
                            {
                                "key": "Accept",
                                "value": "application\/json"
                            }
                        ],
                        "body": null,
                        "description": "",
                        "auth": {
                            "type": "noauth"
                        }
                    },
                    "response": []
                },
                {
                    "name": "api\/station\/{id}\/update",
                    "request": {
                        "url": {
                            "host": "{{baseUrl}}",
                            "path": "api\/station\/:id\/update",
                            "query": [],
                            "raw": "{{baseUrl}}\/api\/station\/:id\/update",
                            "variable": [
                                {
                                    "id": "id",
                                    "key": "id",
                                    "value": "17",
                                    "description": "The ID of the station."
                                }
                            ]
                        },
                        "method": "POST",
                        "header": [
                            {
                                "key": "Content-Type",
                                "value": "application\/json"
                            },
                            {
                                "key": "Accept",
                                "value": "application\/json"
                            }
                        ],
                        "body": null,
                        "description": "",
                        "auth": {
                            "type": "noauth"
                        }
                    },
                    "response": []
                },
                {
                    "name": "api\/station\/{id}\/delete",
                    "request": {
                        "url": {
                            "host": "{{baseUrl}}",
                            "path": "api\/station\/:id\/delete",
                            "query": [],
                            "raw": "{{baseUrl}}\/api\/station\/:id\/delete",
                            "variable": [
                                {
                                    "id": "id",
                                    "key": "id",
                                    "value": "11",
                                    "description": "The ID of the station."
                                }
                            ]
                        },
                        "method": "POST",
                        "header": [
                            {
                                "key": "Content-Type",
                                "value": "application\/json"
                            },
                            {
                                "key": "Accept",
                                "value": "application\/json"
                            }
                        ],
                        "body": null,
                        "description": "",
                        "auth": {
                            "type": "noauth"
                        }
                    },
                    "response": []
                },
                {
                    "name": "api\/findstations",
                    "request": {
                        "url": {
                            "host": "{{baseUrl}}",
                            "path": "api\/findstations",
                            "query": [],
                            "raw": "{{baseUrl}}\/api\/findstations"
                        },
                        "method": "GET",
                        "header": [
                            {
                                "key": "Content-Type",
                                "value": "application\/json"
                            },
                            {
                                "key": "Accept",
                                "value": "application\/json"
                            }
                        ],
                        "body": null,
                        "description": "",
                        "auth": {
                            "type": "noauth"
                        }
                    },
                    "response": [
                        {
                            "header": [
                                {
                                    "key": "cache-control",
                                    "value": "no-cache, private"
                                },
                                {
                                    "key": "content-type",
                                    "value": "application\/json"
                                },
                                {
                                    "key": "x-ratelimit-limit",
                                    "value": "60"
                                },
                                {
                                    "key": "x-ratelimit-remaining",
                                    "value": "55"
                                },
                                {
                                    "key": "access-control-allow-origin",
                                    "value": "*"
                                }
                            ],
                            "code": 500,
                            "body": "{\n    \"message\": \"Illegal operator and value combination.\",\n    \"exception\": \"InvalidArgumentException\",\n    \"file\": \"\/Users\/rajibpalit\/lrest\/vendor\/laravel\/framework\/src\/Illuminate\/Database\/Query\/Builder.php\",\n    \"line\": 824,\n    \"trace\": [\n        {\n            \"file\": \"\/Users\/rajibpalit\/lrest\/vendor\/laravel\/framework\/src\/Illuminate\/Database\/Query\/Builder.php\",\n            \"line\": 2019,\n            \"function\": \"prepareValueAndOperator\",\n            \"class\": \"Illuminate\\\\Database\\\\Query\\\\Builder\",\n            \"type\": \"->\"\n        },\n        {\n            \"file\": \"\/Users\/rajibpalit\/lrest\/vendor\/laravel\/framework\/src\/Illuminate\/Support\/Traits\/ForwardsCalls.php\",\n            \"line\": 23,\n            \"function\": \"having\",\n            \"class\": \"Illuminate\\\\Database\\\\Query\\\\Builder\",\n            \"type\": \"->\"\n        },\n        {\n            \"file\": \"\/Users\/rajibpalit\/lrest\/vendor\/laravel\/framework\/src\/Illuminate\/Database\/Eloquent\/Builder.php\",\n            \"line\": 1748,\n            \"function\": \"forwardCallTo\",\n            \"class\": \"Illuminate\\\\Database\\\\Eloquent\\\\Builder\",\n            \"type\": \"->\"\n        },\n        {\n            \"file\": \"\/Users\/rajibpalit\/lrest\/app\/Http\/Controllers\/StationController.php\",\n            \"line\": 92,\n            \"function\": \"__call\",\n            \"class\": \"Illuminate\\\\Database\\\\Eloquent\\\\Builder\",\n            \"type\": \"->\"\n        },\n        {\n            \"file\": \"\/Users\/rajibpalit\/lrest\/vendor\/laravel\/framework\/src\/Illuminate\/Routing\/Controller.php\",\n            \"line\": 54,\n            \"function\": \"allStation\",\n            \"class\": \"App\\\\Http\\\\Controllers\\\\StationController\",\n            \"type\": \"->\"\n        },\n        {\n            \"file\": \"\/Users\/rajibpalit\/lrest\/vendor\/laravel\/framework\/src\/Illuminate\/Routing\/ControllerDispatcher.php\",\n            \"line\": 45,\n            \"function\": \"callAction\",\n            \"class\": \"Illuminate\\\\Routing\\\\Controller\",\n            \"type\": \"->\"\n        },\n        {\n            \"file\": \"\/Users\/rajibpalit\/lrest\/vendor\/laravel\/framework\/src\/Illuminate\/Routing\/Route.php\",\n            \"line\": 261,\n            \"function\": \"dispatch\",\n            \"class\": \"Illuminate\\\\Routing\\\\ControllerDispatcher\",\n            \"type\": \"->\"\n        },\n        {\n            \"file\": \"\/Users\/rajibpalit\/lrest\/vendor\/laravel\/framework\/src\/Illuminate\/Routing\/Route.php\",\n            \"line\": 204,\n            \"function\": \"runController\",\n            \"class\": \"Illuminate\\\\Routing\\\\Route\",\n            \"type\": \"->\"\n        },\n        {\n            \"file\": \"\/Users\/rajibpalit\/lrest\/vendor\/laravel\/framework\/src\/Illuminate\/Routing\/Router.php\",\n            \"line\": 725,\n            \"function\": \"run\",\n            \"class\": \"Illuminate\\\\Routing\\\\Route\",\n            \"type\": \"->\"\n        },\n        {\n            \"file\": \"\/Users\/rajibpalit\/lrest\/vendor\/laravel\/framework\/src\/Illuminate\/Pipeline\/Pipeline.php\",\n            \"line\": 141,\n            \"function\": \"Illuminate\\\\Routing\\\\{closure}\",\n            \"class\": \"Illuminate\\\\Routing\\\\Router\",\n            \"type\": \"->\"\n        },\n        {\n            \"file\": \"\/Users\/rajibpalit\/lrest\/vendor\/laravel\/framework\/src\/Illuminate\/Routing\/Middleware\/SubstituteBindings.php\",\n            \"line\": 50,\n            \"function\": \"Illuminate\\\\Pipeline\\\\{closure}\",\n            \"class\": \"Illuminate\\\\Pipeline\\\\Pipeline\",\n            \"type\": \"->\"\n        },\n        {\n            \"file\": \"\/Users\/rajibpalit\/lrest\/vendor\/laravel\/framework\/src\/Illuminate\/Pipeline\/Pipeline.php\",\n            \"line\": 180,\n            \"function\": \"handle\",\n            \"class\": \"Illuminate\\\\Routing\\\\Middleware\\\\SubstituteBindings\",\n            \"type\": \"->\"\n        },\n        {\n            \"file\": \"\/Users\/rajibpalit\/lrest\/vendor\/laravel\/framework\/src\/Illuminate\/Routing\/Middleware\/ThrottleRequests.php\",\n            \"line\": 126,\n            \"function\": \"Illuminate\\\\Pipeline\\\\{closure}\",\n            \"class\": \"Illuminate\\\\Pipeline\\\\Pipeline\",\n            \"type\": \"->\"\n        },\n        {\n            \"file\": \"\/Users\/rajibpalit\/lrest\/vendor\/laravel\/framework\/src\/Illuminate\/Routing\/Middleware\/ThrottleRequests.php\",\n            \"line\": 102,\n            \"function\": \"handleRequest\",\n            \"class\": \"Illuminate\\\\Routing\\\\Middleware\\\\ThrottleRequests\",\n            \"type\": \"->\"\n        },\n        {\n            \"file\": \"\/Users\/rajibpalit\/lrest\/vendor\/laravel\/framework\/src\/Illuminate\/Routing\/Middleware\/ThrottleRequests.php\",\n            \"line\": 54,\n            \"function\": \"handleRequestUsingNamedLimiter\",\n            \"class\": \"Illuminate\\\\Routing\\\\Middleware\\\\ThrottleRequests\",\n            \"type\": \"->\"\n        },\n        {\n            \"file\": \"\/Users\/rajibpalit\/lrest\/vendor\/laravel\/framework\/src\/Illuminate\/Pipeline\/Pipeline.php\",\n            \"line\": 180,\n            \"function\": \"handle\",\n            \"class\": \"Illuminate\\\\Routing\\\\Middleware\\\\ThrottleRequests\",\n            \"type\": \"->\"\n        },\n        {\n            \"file\": \"\/Users\/rajibpalit\/lrest\/vendor\/laravel\/framework\/src\/Illuminate\/Pipeline\/Pipeline.php\",\n            \"line\": 116,\n            \"function\": \"Illuminate\\\\Pipeline\\\\{closure}\",\n            \"class\": \"Illuminate\\\\Pipeline\\\\Pipeline\",\n            \"type\": \"->\"\n        },\n        {\n            \"file\": \"\/Users\/rajibpalit\/lrest\/vendor\/laravel\/framework\/src\/Illuminate\/Routing\/Router.php\",\n            \"line\": 726,\n            \"function\": \"then\",\n            \"class\": \"Illuminate\\\\Pipeline\\\\Pipeline\",\n            \"type\": \"->\"\n        },\n        {\n            \"file\": \"\/Users\/rajibpalit\/lrest\/vendor\/laravel\/framework\/src\/Illuminate\/Routing\/Router.php\",\n            \"line\": 703,\n            \"function\": \"runRouteWithinStack\",\n            \"class\": \"Illuminate\\\\Routing\\\\Router\",\n            \"type\": \"->\"\n        },\n        {\n            \"file\": \"\/Users\/rajibpalit\/lrest\/vendor\/laravel\/framework\/src\/Illuminate\/Routing\/Router.php\",\n            \"line\": 667,\n            \"function\": \"runRoute\",\n            \"class\": \"Illuminate\\\\Routing\\\\Router\",\n            \"type\": \"->\"\n        },\n        {\n            \"file\": \"\/Users\/rajibpalit\/lrest\/vendor\/laravel\/framework\/src\/Illuminate\/Routing\/Router.php\",\n            \"line\": 656,\n            \"function\": \"dispatchToRoute\",\n            \"class\": \"Illuminate\\\\Routing\\\\Router\",\n            \"type\": \"->\"\n        },\n        {\n            \"file\": \"\/Users\/rajibpalit\/lrest\/vendor\/laravel\/framework\/src\/Illuminate\/Foundation\/Http\/Kernel.php\",\n            \"line\": 167,\n            \"function\": \"dispatch\",\n            \"class\": \"Illuminate\\\\Routing\\\\Router\",\n            \"type\": \"->\"\n        },\n        {\n            \"file\": \"\/Users\/rajibpalit\/lrest\/vendor\/laravel\/framework\/src\/Illuminate\/Pipeline\/Pipeline.php\",\n            \"line\": 141,\n            \"function\": \"Illuminate\\\\Foundation\\\\Http\\\\{closure}\",\n            \"class\": \"Illuminate\\\\Foundation\\\\Http\\\\Kernel\",\n            \"type\": \"->\"\n        },\n        {\n            \"file\": \"\/Users\/rajibpalit\/lrest\/vendor\/laravel\/framework\/src\/Illuminate\/Foundation\/Http\/Middleware\/TransformsRequest.php\",\n            \"line\": 21,\n            \"function\": \"Illuminate\\\\Pipeline\\\\{closure}\",\n            \"class\": \"Illuminate\\\\Pipeline\\\\Pipeline\",\n            \"type\": \"->\"\n        },\n        {\n            \"file\": \"\/Users\/rajibpalit\/lrest\/vendor\/laravel\/framework\/src\/Illuminate\/Foundation\/Http\/Middleware\/ConvertEmptyStringsToNull.php\",\n            \"line\": 31,\n            \"function\": \"handle\",\n            \"class\": \"Illuminate\\\\Foundation\\\\Http\\\\Middleware\\\\TransformsRequest\",\n            \"type\": \"->\"\n        },\n        {\n            \"file\": \"\/Users\/rajibpalit\/lrest\/vendor\/laravel\/framework\/src\/Illuminate\/Pipeline\/Pipeline.php\",\n            \"line\": 180,\n            \"function\": \"handle\",\n            \"class\": \"Illuminate\\\\Foundation\\\\Http\\\\Middleware\\\\ConvertEmptyStringsToNull\",\n            \"type\": \"->\"\n        },\n        {\n            \"file\": \"\/Users\/rajibpalit\/lrest\/vendor\/laravel\/framework\/src\/Illuminate\/Foundation\/Http\/Middleware\/TransformsRequest.php\",\n            \"line\": 21,\n            \"function\": \"Illuminate\\\\Pipeline\\\\{closure}\",\n            \"class\": \"Illuminate\\\\Pipeline\\\\Pipeline\",\n            \"type\": \"->\"\n        },\n        {\n            \"file\": \"\/Users\/rajibpalit\/lrest\/vendor\/laravel\/framework\/src\/Illuminate\/Foundation\/Http\/Middleware\/TrimStrings.php\",\n            \"line\": 40,\n            \"function\": \"handle\",\n            \"class\": \"Illuminate\\\\Foundation\\\\Http\\\\Middleware\\\\TransformsRequest\",\n            \"type\": \"->\"\n        },\n        {\n            \"file\": \"\/Users\/rajibpalit\/lrest\/vendor\/laravel\/framework\/src\/Illuminate\/Pipeline\/Pipeline.php\",\n            \"line\": 180,\n            \"function\": \"handle\",\n            \"class\": \"Illuminate\\\\Foundation\\\\Http\\\\Middleware\\\\TrimStrings\",\n            \"type\": \"->\"\n        },\n        {\n            \"file\": \"\/Users\/rajibpalit\/lrest\/vendor\/laravel\/framework\/src\/Illuminate\/Foundation\/Http\/Middleware\/ValidatePostSize.php\",\n            \"line\": 27,\n            \"function\": \"Illuminate\\\\Pipeline\\\\{closure}\",\n            \"class\": \"Illuminate\\\\Pipeline\\\\Pipeline\",\n            \"type\": \"->\"\n        },\n        {\n            \"file\": \"\/Users\/rajibpalit\/lrest\/vendor\/laravel\/framework\/src\/Illuminate\/Pipeline\/Pipeline.php\",\n            \"line\": 180,\n            \"function\": \"handle\",\n            \"class\": \"Illuminate\\\\Foundation\\\\Http\\\\Middleware\\\\ValidatePostSize\",\n            \"type\": \"->\"\n        },\n        {\n            \"file\": \"\/Users\/rajibpalit\/lrest\/vendor\/laravel\/framework\/src\/Illuminate\/Foundation\/Http\/Middleware\/PreventRequestsDuringMaintenance.php\",\n            \"line\": 86,\n            \"function\": \"Illuminate\\\\Pipeline\\\\{closure}\",\n            \"class\": \"Illuminate\\\\Pipeline\\\\Pipeline\",\n            \"type\": \"->\"\n        },\n        {\n            \"file\": \"\/Users\/rajibpalit\/lrest\/vendor\/laravel\/framework\/src\/Illuminate\/Pipeline\/Pipeline.php\",\n            \"line\": 180,\n            \"function\": \"handle\",\n            \"class\": \"Illuminate\\\\Foundation\\\\Http\\\\Middleware\\\\PreventRequestsDuringMaintenance\",\n            \"type\": \"->\"\n        },\n        {\n            \"file\": \"\/Users\/rajibpalit\/lrest\/vendor\/laravel\/framework\/src\/Illuminate\/Http\/Middleware\/HandleCors.php\",\n            \"line\": 62,\n            \"function\": \"Illuminate\\\\Pipeline\\\\{closure}\",\n            \"class\": \"Illuminate\\\\Pipeline\\\\Pipeline\",\n            \"type\": \"->\"\n        },\n        {\n            \"file\": \"\/Users\/rajibpalit\/lrest\/vendor\/laravel\/framework\/src\/Illuminate\/Pipeline\/Pipeline.php\",\n            \"line\": 180,\n            \"function\": \"handle\",\n            \"class\": \"Illuminate\\\\Http\\\\Middleware\\\\HandleCors\",\n            \"type\": \"->\"\n        },\n        {\n            \"file\": \"\/Users\/rajibpalit\/lrest\/vendor\/laravel\/framework\/src\/Illuminate\/Http\/Middleware\/TrustProxies.php\",\n            \"line\": 39,\n            \"function\": \"Illuminate\\\\Pipeline\\\\{closure}\",\n            \"class\": \"Illuminate\\\\Pipeline\\\\Pipeline\",\n            \"type\": \"->\"\n        },\n        {\n            \"file\": \"\/Users\/rajibpalit\/lrest\/vendor\/laravel\/framework\/src\/Illuminate\/Pipeline\/Pipeline.php\",\n            \"line\": 180,\n            \"function\": \"handle\",\n            \"class\": \"Illuminate\\\\Http\\\\Middleware\\\\TrustProxies\",\n            \"type\": \"->\"\n        },\n        {\n            \"file\": \"\/Users\/rajibpalit\/lrest\/vendor\/laravel\/framework\/src\/Illuminate\/Pipeline\/Pipeline.php\",\n            \"line\": 116,\n            \"function\": \"Illuminate\\\\Pipeline\\\\{closure}\",\n            \"class\": \"Illuminate\\\\Pipeline\\\\Pipeline\",\n            \"type\": \"->\"\n        },\n        {\n            \"file\": \"\/Users\/rajibpalit\/lrest\/vendor\/laravel\/framework\/src\/Illuminate\/Foundation\/Http\/Kernel.php\",\n            \"line\": 142,\n            \"function\": \"then\",\n            \"class\": \"Illuminate\\\\Pipeline\\\\Pipeline\",\n            \"type\": \"->\"\n        },\n        {\n            \"file\": \"\/Users\/rajibpalit\/lrest\/vendor\/laravel\/framework\/src\/Illuminate\/Foundation\/Http\/Kernel.php\",\n            \"line\": 111,\n            \"function\": \"sendRequestThroughRouter\",\n            \"class\": \"Illuminate\\\\Foundation\\\\Http\\\\Kernel\",\n            \"type\": \"->\"\n        },\n        {\n            \"file\": \"\/Users\/rajibpalit\/lrest\/vendor\/knuckleswtf\/scribe\/src\/Extracting\/Strategies\/Responses\/ResponseCalls.php\",\n            \"line\": 299,\n            \"function\": \"handle\",\n            \"class\": \"Illuminate\\\\Foundation\\\\Http\\\\Kernel\",\n            \"type\": \"->\"\n        },\n        {\n            \"file\": \"\/Users\/rajibpalit\/lrest\/vendor\/knuckleswtf\/scribe\/src\/Extracting\/Strategies\/Responses\/ResponseCalls.php\",\n            \"line\": 287,\n            \"function\": \"callLaravelOrLumenRoute\",\n            \"class\": \"Knuckles\\\\Scribe\\\\Extracting\\\\Strategies\\\\Responses\\\\ResponseCalls\",\n            \"type\": \"->\"\n        },\n        {\n            \"file\": \"\/Users\/rajibpalit\/lrest\/vendor\/knuckleswtf\/scribe\/src\/Extracting\/Strategies\/Responses\/ResponseCalls.php\",\n            \"line\": 89,\n            \"function\": \"makeApiCall\",\n            \"class\": \"Knuckles\\\\Scribe\\\\Extracting\\\\Strategies\\\\Responses\\\\ResponseCalls\",\n            \"type\": \"->\"\n        },\n        {\n            \"file\": \"\/Users\/rajibpalit\/lrest\/vendor\/knuckleswtf\/scribe\/src\/Extracting\/Strategies\/Responses\/ResponseCalls.php\",\n            \"line\": 45,\n            \"function\": \"makeResponseCall\",\n            \"class\": \"Knuckles\\\\Scribe\\\\Extracting\\\\Strategies\\\\Responses\\\\ResponseCalls\",\n            \"type\": \"->\"\n        },\n        {\n            \"file\": \"\/Users\/rajibpalit\/lrest\/vendor\/knuckleswtf\/scribe\/src\/Extracting\/Strategies\/Responses\/ResponseCalls.php\",\n            \"line\": 35,\n            \"function\": \"makeResponseCallIfConditionsPass\",\n            \"class\": \"Knuckles\\\\Scribe\\\\Extracting\\\\Strategies\\\\Responses\\\\ResponseCalls\",\n            \"type\": \"->\"\n        },\n        {\n            \"file\": \"\/Users\/rajibpalit\/lrest\/vendor\/knuckleswtf\/scribe\/src\/Extracting\/Extractor.php\",\n            \"line\": 222,\n            \"function\": \"__invoke\",\n            \"class\": \"Knuckles\\\\Scribe\\\\Extracting\\\\Strategies\\\\Responses\\\\ResponseCalls\",\n            \"type\": \"->\"\n        },\n        {\n            \"file\": \"\/Users\/rajibpalit\/lrest\/vendor\/knuckleswtf\/scribe\/src\/Extracting\/Extractor.php\",\n            \"line\": 179,\n            \"function\": \"iterateThroughStrategies\",\n            \"class\": \"Knuckles\\\\Scribe\\\\Extracting\\\\Extractor\",\n            \"type\": \"->\"\n        },\n        {\n            \"file\": \"\/Users\/rajibpalit\/lrest\/vendor\/knuckleswtf\/scribe\/src\/Extracting\/Extractor.php\",\n            \"line\": 116,\n            \"function\": \"fetchResponses\",\n            \"class\": \"Knuckles\\\\Scribe\\\\Extracting\\\\Extractor\",\n            \"type\": \"->\"\n        },\n        {\n            \"file\": \"\/Users\/rajibpalit\/lrest\/vendor\/knuckleswtf\/scribe\/src\/GroupedEndpoints\/GroupedEndpointsFromApp.php\",\n            \"line\": 123,\n            \"function\": \"processRoute\",\n            \"class\": \"Knuckles\\\\Scribe\\\\Extracting\\\\Extractor\",\n            \"type\": \"->\"\n        },\n        {\n            \"file\": \"\/Users\/rajibpalit\/lrest\/vendor\/knuckleswtf\/scribe\/src\/GroupedEndpoints\/GroupedEndpointsFromApp.php\",\n            \"line\": 80,\n            \"function\": \"extractEndpointsInfoFromLaravelApp\",\n            \"class\": \"Knuckles\\\\Scribe\\\\GroupedEndpoints\\\\GroupedEndpointsFromApp\",\n            \"type\": \"->\"\n        },\n        {\n            \"file\": \"\/Users\/rajibpalit\/lrest\/vendor\/knuckleswtf\/scribe\/src\/GroupedEndpoints\/GroupedEndpointsFromApp.php\",\n            \"line\": 56,\n            \"function\": \"extractEndpointsInfoAndWriteToDisk\",\n            \"class\": \"Knuckles\\\\Scribe\\\\GroupedEndpoints\\\\GroupedEndpointsFromApp\",\n            \"type\": \"->\"\n        },\n        {\n            \"file\": \"\/Users\/rajibpalit\/lrest\/vendor\/knuckleswtf\/scribe\/src\/Commands\/GenerateDocumentation.php\",\n            \"line\": 55,\n            \"function\": \"get\",\n            \"class\": \"Knuckles\\\\Scribe\\\\GroupedEndpoints\\\\GroupedEndpointsFromApp\",\n            \"type\": \"->\"\n        },\n        {\n            \"file\": \"\/Users\/rajibpalit\/lrest\/vendor\/laravel\/framework\/src\/Illuminate\/Container\/BoundMethod.php\",\n            \"line\": 36,\n            \"function\": \"handle\",\n            \"class\": \"Knuckles\\\\Scribe\\\\Commands\\\\GenerateDocumentation\",\n            \"type\": \"->\"\n        },\n        {\n            \"file\": \"\/Users\/rajibpalit\/lrest\/vendor\/laravel\/framework\/src\/Illuminate\/Container\/Util.php\",\n            \"line\": 41,\n            \"function\": \"Illuminate\\\\Container\\\\{closure}\",\n            \"class\": \"Illuminate\\\\Container\\\\BoundMethod\",\n            \"type\": \"::\"\n        },\n        {\n            \"file\": \"\/Users\/rajibpalit\/lrest\/vendor\/laravel\/framework\/src\/Illuminate\/Container\/BoundMethod.php\",\n            \"line\": 93,\n            \"function\": \"unwrapIfClosure\",\n            \"class\": \"Illuminate\\\\Container\\\\Util\",\n            \"type\": \"::\"\n        },\n        {\n            \"file\": \"\/Users\/rajibpalit\/lrest\/vendor\/laravel\/framework\/src\/Illuminate\/Container\/BoundMethod.php\",\n            \"line\": 37,\n            \"function\": \"callBoundMethod\",\n            \"class\": \"Illuminate\\\\Container\\\\BoundMethod\",\n            \"type\": \"::\"\n        },\n        {\n            \"file\": \"\/Users\/rajibpalit\/lrest\/vendor\/laravel\/framework\/src\/Illuminate\/Container\/Container.php\",\n            \"line\": 651,\n            \"function\": \"call\",\n            \"class\": \"Illuminate\\\\Container\\\\BoundMethod\",\n            \"type\": \"::\"\n        },\n        {\n            \"file\": \"\/Users\/rajibpalit\/lrest\/vendor\/laravel\/framework\/src\/Illuminate\/Console\/Command.php\",\n            \"line\": 136,\n            \"function\": \"call\",\n            \"class\": \"Illuminate\\\\Container\\\\Container\",\n            \"type\": \"->\"\n        },\n        {\n            \"file\": \"\/Users\/rajibpalit\/lrest\/vendor\/symfony\/console\/Command\/Command.php\",\n            \"line\": 308,\n            \"function\": \"execute\",\n            \"class\": \"Illuminate\\\\Console\\\\Command\",\n            \"type\": \"->\"\n        },\n        {\n            \"file\": \"\/Users\/rajibpalit\/lrest\/vendor\/laravel\/framework\/src\/Illuminate\/Console\/Command.php\",\n            \"line\": 121,\n            \"function\": \"run\",\n            \"class\": \"Symfony\\\\Component\\\\Console\\\\Command\\\\Command\",\n            \"type\": \"->\"\n        },\n        {\n            \"file\": \"\/Users\/rajibpalit\/lrest\/vendor\/symfony\/console\/Application.php\",\n            \"line\": 998,\n            \"function\": \"run\",\n            \"class\": \"Illuminate\\\\Console\\\\Command\",\n            \"type\": \"->\"\n        },\n        {\n            \"file\": \"\/Users\/rajibpalit\/lrest\/vendor\/symfony\/console\/Application.php\",\n            \"line\": 299,\n            \"function\": \"doRunCommand\",\n            \"class\": \"Symfony\\\\Component\\\\Console\\\\Application\",\n            \"type\": \"->\"\n        },\n        {\n            \"file\": \"\/Users\/rajibpalit\/lrest\/vendor\/symfony\/console\/Application.php\",\n            \"line\": 171,\n            \"function\": \"doRun\",\n            \"class\": \"Symfony\\\\Component\\\\Console\\\\Application\",\n            \"type\": \"->\"\n        },\n        {\n            \"file\": \"\/Users\/rajibpalit\/lrest\/vendor\/laravel\/framework\/src\/Illuminate\/Console\/Application.php\",\n            \"line\": 102,\n            \"function\": \"run\",\n            \"class\": \"Symfony\\\\Component\\\\Console\\\\Application\",\n            \"type\": \"->\"\n        },\n        {\n            \"file\": \"\/Users\/rajibpalit\/lrest\/vendor\/laravel\/framework\/src\/Illuminate\/Foundation\/Console\/Kernel.php\",\n            \"line\": 129,\n            \"function\": \"run\",\n            \"class\": \"Illuminate\\\\Console\\\\Application\",\n            \"type\": \"->\"\n        },\n        {\n            \"file\": \"\/Users\/rajibpalit\/lrest\/artisan\",\n            \"line\": 37,\n            \"function\": \"handle\",\n            \"class\": \"Illuminate\\\\Foundation\\\\Console\\\\Kernel\",\n            \"type\": \"->\"\n        }\n    ]\n}",
                            "name": ""
                        }
                    ]
                }
            ]
        }
    ],
    "auth": {
        "type": "noauth"
    }
}